asin,keyword,target_price,url
B07B456KKP,キャンメイク ジェル クリーミータッチライナー02 ミディアムブラウン 単品 0.08g,715,https://www.amazon.co.jp/dp/B07B456KKP
B0CJXS8CB2,アテニア (Attenir) スキンクリア クレンズ オイル アロマタイプ 175mL (毛穴/乾燥/角質) クレンジング メイク落とし (クレンジングオイル/ダブル洗顔不要) リフレシングシトラスの香り / 約2か月分 レギュラーボトル,1980,https://www.amazon.co.jp/dp/B0CJXS8CB2
B083X5R6VR,VTCOSMETICS(ブイティコスメテックス) フェイスマスク スキンケア (1.CICA デイリースージングマスク),2420,https://www.amazon.co.jp/dp/B083X5R6VR
B0C1G32J1F,キレイキレイ [医薬部外品] 薬用 泡ハンドソープ シトラスフルーティの香り 詰め替え 大容量サイズ 1760ml 殺菌,964,https://www.amazon.co.jp/dp/B0C1G32J1F
B0CL3T2D3V,MUJI 無印良品 化粧水 敏感肌用 高保湿 300mL 83434991,799,https://www.amazon.co.jp/dp/B0CL3T2D3V
B00C1CACNU,エプソムソルト 2.2kg オリジナル 国産 硫酸マグネシウム 無香料 浴用化粧料,1236,https://www.amazon.co.jp/dp/B00C1CACNU
B09JW6Q9XC,LuLuLun ルルルンプレシャス パック GREEN 32枚入り シートマスク フェイスパック 大容量 ハリケア,1980,https://www.amazon.co.jp/dp/B09JW6Q9XC
B0CJN2ZZVX,LuLuLun ルルルン ハイドラEXマスク 28枚入り パック フェイスパック シートマスク 顔 保湿 毛穴 大容量,2640,https://www.amazon.co.jp/dp/B0CJN2ZZVX
B09J53Y5BT,ファンケル (FANCL) (新) マイルド クレンジング オイル (120mL) クレンジングオイル 無添加 ( メイク落とし / 毛穴ケア ) まつエクOK,1870,https://www.amazon.co.jp/dp/B09J53Y5BT
B079S1WB7S,【憧れのサラツヤ美髪】オルナ オーガニック ヘアオイル 洗い流さないトリートメント ヘア美容液 乾燥毛 保湿 補修 自然派 無添加 ダメージケア ヘアケア オイル 80ml (さらさら),2200,https://www.amazon.co.jp/dp/B079S1WB7S
B079TMJ5XV,セザンヌ 超細芯アイブロウ 03 ナチュラルブラウン 0.02g,550,https://www.amazon.co.jp/dp/B079TMJ5XV
B0DWKHLZF6,ビオレｕ 泡 ハンドソープ つめかえ用 1.52Ｌ 【Amazon.co.jp限定】 [医薬部外品],1253,https://www.amazon.co.jp/dp/B0DWKHLZF6
B0F59TXVQQ,パーフェクトワンフォーカス PERFECT ONE FOCUS スムースクレンジングバーム 75g (スムースクレンジングバーム 75g ディープブラックGL+ （単品）),5049,https://www.amazon.co.jp/dp/B0F59TXVQQ
B08YKCZ6Y1,KATE(ケイト) リップモンスター 03 口紅 陽炎,1540,https://www.amazon.co.jp/dp/B08YKCZ6Y1
B004WBF8EG,ロレッタ ハードゼリー 300g [スタイリング剤 ヘアスタイリング ジェルワックス ワックス ヘアアレンジ セット力 ヘアケア],1518,https://www.amazon.co.jp/dp/B004WBF8EG
B09F9WGBX4,ニベア ディープモイスチャーリップ 無香料【医薬部外品】3本パック,1155,https://www.amazon.co.jp/dp/B09F9WGBX4
B083LWRKS7,【Amazon.co.jp限定】 【医薬部外品】 デオナチュレ ソフトストーンW ワキ用 直ヌリ 制汗剤 スティック 無香料 ×2個(20g×2)+おまけ付き,1980,https://www.amazon.co.jp/dp/B083LWRKS7
B06X17VVNQ,オルビス ( ORBIS ) エッセンスイン ヘアミルク ( 洗い流さない / 無香料 ) ヘアトリートメント パサつき ダメージケア ( 詰め替え ),1100,https://www.amazon.co.jp/dp/B06X17VVNQ
B0F78NB1RL,オルビス(ORBIS) エッセンスインヘアミルク ADAM ET ROPE' コラボ限定デザイン 140g 洗い流さない トリートメント 美容液,1320,https://www.amazon.co.jp/dp/B0F78NB1RL
B00ABAMJPI,【業務用 大容量】キレイキレイ 薬用 泡ハンドソープ 2L シトラスフルーティの香り (医薬部外品) 詰め替え,1980,https://www.amazon.co.jp/dp/B00ABAMJPI
B014KNYD0A,Wella ウエラトーン 2+1 白髪染め クリームタイプ 7GM 明るいマットブラウン 鮮やかな髪色6週間続く 医薬部外品,1469,https://www.amazon.co.jp/dp/B014KNYD0A
B0CC5JWFMK,ケアセラ(CareCera) APフェイス&ボディ乳液 大容量本体 400ml (セラミドプラス×7種の天然型セラミド配合),1873,https://www.amazon.co.jp/dp/B0CC5JWFMK
B0BFQ9RD5B,[d'Alba公式] ホワイトトリュフ ファースト スプレーセラム (100ml) ミスト化粧水 保湿ミスト 保湿セラム 潤いミスト エッセンスミスト 二層式 化粧水 敏感肌 乾燥肌 弾力 毛穴 キメ整える ノンコメド 無香料 化粧直し ヴィーガン,2420,https://www.amazon.co.jp/dp/B0BFQ9RD5B
B0CD7BHBYG,Dove(ダヴ) ボディーソープ プレミアムモイスチャーケア 大容量 詰替 8.5個分 2.8kg 瞬間浸透うるおいミルク トリプルセラミド配合 乾燥肌 保湿 濃密泡 【Amazon.co.jp限定】,2212,https://www.amazon.co.jp/dp/B0CD7BHBYG
B07XZ9ZRVZ,Neutrogena(ニュートロジーナ) ノルウェーフォーミュラ インテンスリペア ボディクリーム ボディローション ボディミルク 保湿クリーム ボディエマルジョン 超乾燥肌用 無香料 単品 450ミリリットル (x 1),1982,https://www.amazon.co.jp/dp/B07XZ9ZRVZ
B0DLJP1FMD,NILE 濃密泡スカルプシャンプー メンズ アミノ酸シャンプー ノンシリコン (LAFRANCE（ラフランス）の香り),2460,https://www.amazon.co.jp/dp/B0DLJP1FMD
B07CZKGD7X,ReKERA(リケラ) エマルジョン 200mL リトル・サイエンティスト,4620,https://www.amazon.co.jp/dp/B07CZKGD7X
B0FP1BRD5W,L'Oreal Paris(ロレアルパリ) ヘアオイル エルセーヴ エクストラオーディナリーオイル ミニサイズ ギフト 女性 誕生日 プレゼント コスメ ヘアケア,2970,https://www.amazon.co.jp/dp/B0FP1BRD5W
B0F7XHMYNP,NILE スタイリングオイル ヘアオイル 濡れ髪ウェット グラビティウェット(APPLE FLEUR（アップルフルール）の香り),2280,https://www.amazon.co.jp/dp/B0F7XHMYNP
B0132TF3NO,ミノン薬用ヘアシャンプー つめかえ用 380mL ヘアシャンプー 敏感肌 かゆみ フケ 保湿 乾燥対策 弱酸性 低刺激性 【医薬部外品】,824,https://www.amazon.co.jp/dp/B0132TF3NO
B073W1637L,【香るサラツヤ美髪】 オルナ オーガニック スムース シャンプー トリートメント セット 無添加 自然派 まとまり 潤い ふんわりとした仕上がり [ 植物アロマの香り ] 日本製 (ボトル・各500ml),4200,https://www.amazon.co.jp/dp/B073W1637L
B000FQ6I8C,【国内正規品】グランズレメディ モアビビちゃんの魔法の粉 無香料 50g 靴の消臭パウダー,2482,https://www.amazon.co.jp/dp/B000FQ6I8C
B0CPDS4JNL,コーセーコスメニエンス メイク キープ ミスト EX + 80mL 化粧崩れ防止 ミスト 化粧水 ウォータープルーフ 皮脂プルーフ 皮脂くずれ防止 テカリ防止 ヒアルロン酸 コラーゲン シカ成分,1180,https://www.amazon.co.jp/dp/B0CPDS4JNL
B0DSPT68YH,La Roche-Posay(ラロッシュポゼ) UVイデア XL プロテクショントーンアップ ローズ+ 日焼け止め 化粧下地 UV トーンアップ 保湿 顔 ひやけどめ SPF50+ PA++++ 血色感 透明感 生ツヤ くすみ 紫外線対策 毛穴カバー 石鹸オフ シミケア ロングUVA対応 ビタミンC 無香料 敏感肌 乾燥肌 30ml ダーマコスメ,3960,https://www.amazon.co.jp/dp/B0DSPT68YH
B0BS3JBVJY,Schick(シック) 極 KIWAMI 敏感肌 ホルダー(刃付き+替刃1コ) 髭剃り カミソリ,1173,https://www.amazon.co.jp/dp/B0BS3JBVJY
B0BY2NZFJR,【医薬部外品】ビオレu 泡ハンドソープ つめかえ用 770ml,439,https://www.amazon.co.jp/dp/B0BY2NZFJR
B083LXKK8L,【Amazon.co.jp限定】 【医薬部外品】 デオナチュレ 男ソフトストーンW 男性用 ワキ用 直ヌリ 制汗剤 スティック ミント ×2個(20g×2)+おまけ付き,1980,https://www.amazon.co.jp/dp/B083LXKK8L
B09PY4134Y,メラノCC ディープクリア酵素洗顔 130g 酵素×ビタミンC配合 洗顔フォーム 毛穴ケア,555,https://www.amazon.co.jp/dp/B09PY4134Y
B0C3TSG2HN,[TIRTIR] Mask fit Cushion [ティルティル] マスクフィットクッション 本体 18g (AURA 23N),2970,https://www.amazon.co.jp/dp/B0C3TSG2HN
B0FKS6PXSM,LUX (ラックス) スーパーリッチシャイン ダメージリペア シャンプー 詰め替え 大容量 1690g,1694,https://www.amazon.co.jp/dp/B0FKS6PXSM
B07XB52FD7,LUX(ラックス) ルミニーク シャンプー ボタニカルピュア 大容量詰替 1kg ノンシリコン バオバブエキス配合 ラベンダー&リリーの香り,1027,https://www.amazon.co.jp/dp/B07XB52FD7
B08256DM69,【医薬部外品】 ブテナロック 足洗いソープ150g 足のニオイ 体臭・汗臭 背中ニキビ,900,https://www.amazon.co.jp/dp/B08256DM69
B09CKBVRMT,メンズビオレ ONE オールインワン全身洗浄料 フルーティーサボンの香り 大容量詰替 750ml 父の日 ギフト,1294,https://www.amazon.co.jp/dp/B09CKBVRMT
B07QCB9QGN,エイトフォーメン 8x4メン ロールオン 無香料 60ml×2個セット デオドラント 男性用 メンズ,1162,https://www.amazon.co.jp/dp/B07QCB9QGN
B0DBH7FHBW,リファハートコーム アイラ/ReFa HEART COMB Aira ローズゴールド くし 櫛 コーム ヘアコーム ギフト 女性,2970,https://www.amazon.co.jp/dp/B0DBH7FHBW
B08NTJGYR1,REDEN BODY SOAP(リデン ボディーソープ) 詰め替え 400ml マリンムスクの香り,694,https://www.amazon.co.jp/dp/B08NTJGYR1
B08D5ZB5YM,ITO クレンジングタオル フェイシャルタオル 60枚入×3個セット OEKO-TEX®認証 赤ちゃんにも優しい ITOオリジナル鮫小紋エンボス生地 敏感肌 肌荒れ対策 使い捨てタオル フェイスタオル使い捨て フェイスケア スキンケアタオル,1485,https://www.amazon.co.jp/dp/B08D5ZB5YM
B0DSFSFN6P,ANUA(アヌア)PDRNヒアルロン酸カプセル100セラムマスクパック(7枚入り) フェイスマスク 水分 保湿 肌キメ ツヤ 水光肌 pdrn hyaluron serum maskpack 乾燥肌 混合肌 スキンケア【公式・正規品】,880,https://www.amazon.co.jp/dp/B0DSFSFN6P
B0754911VS,ミノン全身シャンプー泡タイプ つめかえ用 400mL ボディソープ 敏感肌 肌あれ防止 保湿 乾燥対策 弱酸性 低刺激性 【医薬部外品】,835,https://www.amazon.co.jp/dp/B0754911VS
B0FL7JMCK8,【2025年秋冬限定カラー】 SALONIA サロニア スピーディーイオン ドライヤー 大風量 速乾 軽量 マイナスイオン ヘアドライヤー SAL24217GR サイレント アイスグレー,5373,https://www.amazon.co.jp/dp/B0FL7JMCK8
